post_id,musician_screen_name,post_created_at,musician_post,musician_post_hashtags,musician_post_mentions,musician_post_favorite_count,musician_post_retweet_count
843416099689549825,acdc,Sun Mar 19 10:57:22 +0000 2017,"Chuck Berry IS rock and roll!
It's sad day for rock and roll, but his music will live on forever.
Hail, hail rock a… https://t.co/VI4CSenqXO",#,@,7807,3099
824556466791186433,acdc,Thu Jan 26 09:55:55 +0000 2017,Happy Australia Day ⚡️ https://t.co/z6wlN3HUG6,#,@,4027,943
815314813526147074,acdc,Sat Dec 31 21:52:54 +0000 2016,"Happy New Year!⚡️
https://t.co/MbeQIIGCqO",#,@,1963,729
813046217861169153,acdc,Sun Dec 25 15:38:18 +0000 2016,"Hell's bells! It's Christmas!
Happy holidays everyone ⚡️🎄✨ https://t.co/B0Tspw3ulb",#,@,4389,1609
807313398882922496,acdc,Fri Dec 09 19:58:08 +0000 2016,"You ask me why I like to play,
I got to get my kicks some way ⚡️https://t.co/KuE9HeZxjV",#,@,1131,430
802199898754076672,acdc,Fri Nov 25 17:18:54 +0000 2016,"Back In Black, Friday!
https://t.co/yByQ9lpKrK",#,@,1438,697
800031709827829760,acdc,Sat Nov 19 17:43:18 +0000 2016,Rock 'n' Roll Damnation ⚡️https://t.co/9XLWYITa4X,#,@,870,338
797786384882929664,acdc,Sun Nov 13 13:01:10 +0000 2016,On the Runaway Train ⚡️ https://t.co/VrmYotJaxu,#,@,829,336
793135765551255552,acdc,Mon Oct 31 17:01:16 +0000 2016,Happy Hallowe'en! ⚡️ https://t.co/fI5cmUzYLu,#,@,2103,710
790678336624267265,acdc,Mon Oct 24 22:16:20 +0000 2016,You've been Thunderstruck ⚡️  https://t.co/bNqDXyJaTk,#,@,1137,552
788764554960445441,acdc,Wed Oct 19 15:31:39 +0000 2016,"You got me ringing Hells Bells, 
My temperature's high, Hells Bells ⚡️ https://t.co/m3byEi3TLQ",#,@,835,342
786515723724083201,acdc,Thu Oct 13 10:35:35 +0000 2016,Which were your favourite songs that AC⚡️DC played on the #RockOrBust World Tour? https://t.co/zSo8bk9MNE,#RockOrBust#,@,1892,527
784888053923999744,acdc,Sat Oct 08 22:47:49 +0000 2016,"And it came to pass,
That rock 'n' roll was born ⚡️
https://t.co/Bzk9Stljhk",#,@,744,276
784160595960532992,acdc,Thu Oct 06 22:37:09 +0000 2016,What are your favourite experiences of seeing AC/DC live? https://t.co/zEtbREB2mE,#,@,1662,508
782359500250550272,acdc,Sat Oct 01 23:20:15 +0000 2016,Hell Ain't A Bad Place To Be ⚡️ https://t.co/SfdsgKA6Ve,#,@,724,273
781286604203753472,acdc,Thu Sep 29 00:16:56 +0000 2016,"Back in Black from the Greensboro, NC show ⚡️
https://t.co/f880gRfuqf",#,@,580,214
779843108888510464,acdc,Sun Sep 25 00:41:00 +0000 2016,You can watch all of the videos from the #RockOrBust tour at https://t.co/onLD3CkRv5⚡️ https://t.co/JRSDu6r1vX,#RockOrBust#,@,984,309
779136223721947136,acdc,Fri Sep 23 01:52:06 +0000 2016,"Photos from #ACDCBuffalo⚡️
See more photos from the show at https://t.co/4TG3hidpIA https://t.co/K5uQ6lXP7J",#ACDCBuffalo#,@,936,334
778469545514106884,acdc,Wed Sep 21 05:42:57 +0000 2016,Thank you to everyone who came to see AC/DC on the #RockorBust World Tour ⚡️ https://t.co/8UK5dmNAm9,#RockorBust#,@,1952,807
778432216779153408,acdc,Wed Sep 21 03:14:37 +0000 2016,"#NowPlaying Problem Child
https://t.co/fQT2pvqyhl
#ACDCPhilly",#NowPlaying#ACDCPhilly#,@,363,109
1073290008113672192,Adele,Thu Dec 13 18:54:13 +0000 2018,FOREVER IN OUR HEARTS - NEVER FORGET GRENFELL 💚 https://t.co/Vtwm641AV6,#,@,21341,3473
1050994240086523904,Adele,Sat Oct 13 06:18:48 +0000 2018,Oiii Champagne Papi blew my mind tonight! Best production I’ve ever seen hands down and way up there with one of my… https://t.co/OXpAlcyJYO,#,@,60759,6739
1042309484163551234,Adele,Wed Sep 19 07:08:40 +0000 2018,❤️ https://t.co/ABLCUxnErr,#,@,72366,9083
1029049309487083521,Adele,Mon Aug 13 16:57:28 +0000 2018,https://t.co/1WDiyFHfNm https://t.co/hLmmKaTkOa,#,@,31691,4435
1026787713893236736,Adele,Tue Aug 07 11:10:42 +0000 2018,https://t.co/PJVEFZm0qK     https://t.co/jMNjkGeKfH https://t.co/WtLdwLBxJG,#,@,16796,2664
994985380813443072,Adele,Fri May 11 16:59:35 +0000 2018,This is great news 🙏🏻 https://t.co/Xs7eWqaDZA,#,@,11286,1339
991038362596397056,Adele,Mon Apr 30 19:35:32 +0000 2018,"#NationalAdoptAShelterPetDay
Had this joker for almost a year now. He’s the most beautiful cat, so glad we saved hi… https://t.co/bJ2jpqfjkW",#NationalAdoptAShelterPetDay#,@,41088,3592
958300584670572546,Adele,Tue Jan 30 11:27:18 +0000 2018,"The effortless queen of song, Dolly Parton! We love you! We wish We could possess an ounce of your ability. You wer… https://t.co/eYb0cESu0q",#,@,72527,7639
953142237130645504,Adele,Tue Jan 16 05:49:52 +0000 2018,Delores O'Riordan ❤️ https://t.co/HnRcn2ULMQ,#,@,39113,4660
952061663074643969,Adele,Sat Jan 13 06:16:03 +0000 2018,"Queen Celine! What a show, an absolute highlight of my life, thank you so much for the attention to your crowd and… https://t.co/wi02cH2kg3",#,@,39686,3888
937771174058233861,Adele,Mon Dec 04 19:50:45 +0000 2017,Please sign this with me! We need your help to sign and spread the petition and encourage others to do the same. It… https://t.co/dsl4dApeK9,#,@,11239,4015
924567276250107905,Adele,Sun Oct 29 09:23:10 +0000 2017,Also I can't with this hair and make up https://t.co/ddGC51nJcR,#,@,80739,9116
924567096289366016,Adele,Sun Oct 29 09:22:28 +0000 2017,Happy Early Halloween &amp; Happy Birthday Gorgeous ❤️ https://t.co/k581SzuX6z,#,@,96983,12175
915651909733814278,Adele,Wed Oct 04 18:56:41 +0000 2017,This is a STUNNING album! @IbeyiOfficial https://t.co/wUpEmHzekX,#,@IbeyiOfficial@,30658,3947
904743679168049154,Adele,Mon Sep 04 16:31:17 +0000 2017,Happy Birthday to the Queen @Beyonce We love you like no other x https://t.co/T20htfn7yc,#,@Beyonce@,204307,53021
898944353086865409,Adele,Sat Aug 19 16:26:50 +0000 2017,#Game4Grenfell for the people of Grenfell and the wider community ❤️ Buy tickets here and watch it on Sept 2nd.… https://t.co/DFiPtojk03,#Game4Grenfell#,@,10020,2218
880934056938151937,Adele,Fri Jun 30 23:40:20 +0000 2017,https://t.co/nMB7xcK7BD,#,@,107049,22768
880422747700170753,Adele,Thu Jun 29 13:48:35 +0000 2017,"RT @wembleystadium: 👉 IMPORTANT ADVICE 👈
If you are coming to @Adele at #Wembley tonight please arrive as early as possible &amp; don't bring a…",#Wembley#,@wembleystadium@Adele@,0,734
877898514507849729,Adele,Thu Jun 22 14:38:11 +0000 2017,RT @wembleystadium: Limited general admission &amp; single tickets available for next week's @Adele gigs at #Wembley. GET THEM NOW!  https://t.…,#Wembley#,@wembleystadium@Adele@,0,1197
872443337210462209,Adele,Wed Jun 07 13:21:15 +0000 2017,Vote x https://t.co/oQMeAqWFQl,#,@,15954,3489
1119221413662142464,arcadefire,Fri Apr 19 12:49:13 +0000 2019,Just too good to not repost https://t.co/DW0LcIxk1G,#,@,5262,1181
1118184921393238016,arcadefire,Tue Apr 16 16:10:34 +0000 2019,Fun to see other musicians covering our music. We've made a playlist on YouTube with some of our favorite covers fr… https://t.co/oYulC26b2Q,#,@,696,83
1113108823361966080,arcadefire,Tue Apr 02 15:59:58 +0000 2019,"RT @ParryReed: The new video for “Finally Home” is out ! Watch the full video &amp; listen to the song here: https://t.co/Tebo8JcKSS
Directed b…",#,@ParryReed@,0,10
1111699008370757632,arcadefire,Fri Mar 29 18:37:52 +0000 2019,"The soundtrack to Dumbo is available now 🐘❤
https://t.co/fmZmZtT6Sl https://t.co/HyLDfsmN68",#,@,503,89
1105158947571486725,arcadefire,Mon Mar 11 17:30:00 +0000 2019,Watch the new visual for our cover of “Baby Mine” from @dumbo now on @vevo - https://t.co/aeiE4XVth4 https://t.co/KiYAx2Xli7,#,@Dumbo@Vevo@,808,223
1104964220259512320,arcadefire,Mon Mar 11 04:36:14 +0000 2019,"RT @DisneyMusic: Available now! 🐘 

Listen to the new version of ""Baby Mine"" by @arcadefire from #Dumbo before the film hits theatres on Ma…",#Dumbo#,@DisneyMusic@arcadefire@,0,195
1103347393112821763,arcadefire,Wed Mar 06 17:31:32 +0000 2019,"The end of another amazing Mardi Gras. We already can't wait for @KreweDuKanaval 2020 💚
📸: @thesupermaniak https://t.co/7K7N42MviW",#,@KreweDuKanaval@thesupermaniak@,568,38
1102969763108716544,arcadefire,Tue Mar 05 16:30:58 +0000 2019,"March 5, 2007. https://t.co/er9Y4ssDoq",#,@,6192,1115
1102625611556810754,arcadefire,Mon Mar 04 17:43:26 +0000 2019,Channeling grandpa Alvino for the new Tim Burton version of Dumbo. This is his old petal steel and Sonovox in actio… https://t.co/BfoTFmYB6E,#,@,431,57
1102380955728207872,arcadefire,Mon Mar 04 01:31:15 +0000 2019,RT @Dumbo: Watch a sneak peek of #Dumbo featuring a new version of “Baby Mine” recorded by @ArcadeFire. https://t.co/f1VkrZWkvB,#Dumbo#,@Dumbo@arcadefire@,0,594
1101503993371656194,arcadefire,Fri Mar 01 15:26:31 +0000 2019,"DJ Windows 98 gig next weekend, LA.

Tickets: https://t.co/lvFpmrlzmS https://t.co/P477kFfnQZ",#,@,217,20
1099005170128744453,arcadefire,Fri Feb 22 17:57:05 +0000 2019,"Today!

@KreweDuKanaval Ball at the Civic Theatre in New Orleans. 

Get tickets:
https://t.co/ZUUY2PqDFi 

Listen h… https://t.co/DsecYbVbaQ",#,@KreweDuKanaval@,59,5
1098700293791981569,arcadefire,Thu Feb 21 21:45:37 +0000 2019,"Kanaval Ball this Friday Feb 22nd at the Civic Theatre in New Orleans. 

Get tickets:
https://t.co/ZUUY2PqDFi

List… https://t.co/gfphvOpWcw",#,@,65,8
1098299690708291584,arcadefire,Wed Feb 20 19:13:46 +0000 2019,"The sound of @KreweDuKanaval 🎺

Listen here: https://t.co/w76m7qQKCo https://t.co/RvLg1lrllQ",#,@KreweDuKanaval@,101,18
1098284496489717762,arcadefire,Wed Feb 20 18:13:23 +0000 2019,"RT @butlerwills: I'm playing 3 shows this summer! Workin out new stuff and yukkin it up with friends

Fri 7/19 Philadelphia @BootAndSaddle…",#,@butlerwills@BootAndSaddle@,0,6
1097551983773405184,arcadefire,Mon Feb 18 17:42:39 +0000 2019,"The @kanpehaiti Foundation helps all ages. Join us, Win &amp; Régine, at @KreweDuKanaval this Friday.… https://t.co/DCW5McPcam",#,@kanpehaiti@KreweDuKanaval@,98,11
1097221204526669825,arcadefire,Sun Feb 17 19:48:15 +0000 2019,Just over one week until @KreweDuKanaval . Join the party and help raise money for @preshallfound and The… https://t.co/b2KlHQjm2O,#,@KreweDuKanaval@preshallfound@,69,11
1096446887459201025,arcadefire,Fri Feb 15 16:31:23 +0000 2019,"Canadian dance legend Peggy Baker presenting an ambitious work, #whoweareinthedark, with music composed and perform… https://t.co/RQULWZIfgI",#whoweareinthedark#,@,96,7
1096094403045851136,arcadefire,Thu Feb 14 17:10:44 +0000 2019,"Spread love, at @KreweDuKanaval .

Tickets: https://t.co/34Z9RR32oB https://t.co/ZpNftuC0u6",#,@KreweDuKanaval@,136,16
1092835029644963840,arcadefire,Tue Feb 05 17:19:09 +0000 2019,"It’s your last chance to enter to win a trip to New Orleans to spend Mardi Gras with us, Win &amp; Régine.

Every donat… https://t.co/k68ogFXQJN",#,@,185,19
1119608828268613633,heyitsau_ra,Sat Apr 20 14:28:40 +0000 2019,"tysm @SpotifyUK for making me the cover of new pop revolution !! ✨
https://t.co/0hAjg4TjJ4",#,@SpotifyUK@,82,5
1119277979962679297,heyitsau_ra,Fri Apr 19 16:34:00 +0000 2019,muahahhaa https://t.co/wnhZhIQaLd,#,@,44,0
1119277912463740930,heyitsau_ra,Fri Apr 19 16:33:44 +0000 2019,tysm u!! hopefully see u sometime soon 🖤 https://t.co/q30hGAaOBc,#,@,42,1
1119277779864969216,heyitsau_ra,Fri Apr 19 16:33:12 +0000 2019,@toby_bryant_ @CelebMix thanks always 🖤,#,@toby_bryant_@CelebMix@,3,0
1119277738479816704,heyitsau_ra,Fri Apr 19 16:33:02 +0000 2019,🖤⚔️🖤⚔️🖤 https://t.co/kf48QwvzDD,#,@,76,5
1119277578798477312,heyitsau_ra,Fri Apr 19 16:32:24 +0000 2019,i’m soo glad u guys like it THANK U (〃ω〃) https://t.co/AzmjSSfUrC,#,@,52,3
1119276980552204288,heyitsau_ra,Fri Apr 19 16:30:01 +0000 2019,:’) hi ly https://t.co/tzbYeAwzlp,#,@,31,0
1119276864940511234,heyitsau_ra,Fri Apr 19 16:29:34 +0000 2019,@Feelinara thank u sm?! :’),#,@Feelinara@,2,0
1119276778198130688,heyitsau_ra,Fri Apr 19 16:29:13 +0000 2019,@Kash_Pleen Sooooonish ;3,#,@Kash_Pleen@,2,0
1119276726855634945,heyitsau_ra,Fri Apr 19 16:29:01 +0000 2019,LOOOL 🖤 https://t.co/5lmLhw3Ecr,#,@,30,0
1119276667283935232,heyitsau_ra,Fri Apr 19 16:28:47 +0000 2019,hahhah we’ll seee. All i can promise is that music is always on the way. ♥︎ https://t.co/fRMpRz0nZg,#,@,28,0
1119276440770551809,heyitsau_ra,Fri Apr 19 16:27:53 +0000 2019,I can‘t wait for u guys to see it .. hehe https://t.co/tCG45SACy2,#,@,57,1
1119276313028771840,heyitsau_ra,Fri Apr 19 16:27:22 +0000 2019,@P4NICR00M RIGHT HERE HI LOVE 🖤,#,@P4NICR00M@,4,2
1119276182820794368,heyitsau_ra,Fri Apr 19 16:26:51 +0000 2019,thank U for listening 🖤! https://t.co/vaOrL3awtj,#,@,36,2
1119275686848544769,heyitsau_ra,Fri Apr 19 16:24:53 +0000 2019,muuuuchas gracias. lo agradezco mucho. :) https://t.co/1EqN0PyCj8,#,@,42,5
1119274921673330688,heyitsau_ra,Fri Apr 19 16:21:51 +0000 2019,guys get ready for the thank u spam cause my HEART. Thank u for all the sweet feedback. Ty so much. ♥︎,#,@,157,12
1119274476309483522,heyitsau_ra,Fri Apr 19 16:20:04 +0000 2019,@overgrownmillie I’m sooo glad seriously was freezing before 😭 also yw hehe,#,@overgrownmillie@,2,0
1119274341768867840,heyitsau_ra,Fri Apr 19 16:19:32 +0000 2019,u figured it out yES ALWAYS https://t.co/uourxBhMXp,#,@,72,3
1119136294662074369,heyitsau_ra,Fri Apr 19 07:10:59 +0000 2019,a s s a s s i n ⚔ is out now !! aaAagH https://t.co/CCvHvTKcQz https://t.co/kopBVtAx9d,#,@,260,90
1118863125321801730,heyitsau_ra,Thu Apr 18 13:05:31 +0000 2019,onE more day!!! https://t.co/EPKjDgdl7N,#,@,315,27
1119374186311557120,RealCaptain865,Fri Apr 19 22:56:17 +0000 2019,Jeepers Creepers Tennessee’s got measles s*** https://t.co/H8fGzXhlsu,#,@,2,1
1118875973016068102,RealCaptain865,Thu Apr 18 13:56:34 +0000 2019,RT @RealCaptain865: My debut single “Jet Speed” ft. @YUNGBANS drops on all platforms this Friday! Thank you for the support @JODYHiGHROLLER…,#,@RealCaptain865@YUNGBANS@JODYHiGHROLLER@,0,38
1118501630788481027,RealCaptain865,Wed Apr 17 13:09:04 +0000 2019,"RT @ItsUkamea: Thank you Mrs. Obvious ☔️
https://t.co/0wiBRYj6fB",#,@ItsUkamea@,0,12
1117623115738222592,RealCaptain865,Mon Apr 15 02:58:09 +0000 2019,"@YUNGBANS x @YNWMelly 🐉

https://t.co/CoUOj012uz https://t.co/RoezTQaLxL",#,@YUNGBANS@YNWMelly@,2,1
1117458275446996993,RealCaptain865,Sun Apr 14 16:03:08 +0000 2019,We had a high demand for a squads tournament so we switched it up! DM me or @ZMARTlN to join the tournament and fig… https://t.co/PCkde4vgA2,#,@ZMARTlN@,2,1
1117273082971021312,RealCaptain865,Sun Apr 14 03:47:15 +0000 2019,@OfficialBeck @ZMARTlN Like 20 so far I think we boutta push the promo pretty heavy this week tho,#,@OfficialBeck@ZMARTlN@,1,0
1117272804959969280,RealCaptain865,Sun Apr 14 03:46:09 +0000 2019,@OfficialBeck @ZMARTlN got the email from epic saying he can host custom games now so we gonna start hosting tourna… https://t.co/JcfUoVLlU9,#,@OfficialBeck@ZMARTlN@,1,0
1117272095459815424,RealCaptain865,Sun Apr 14 03:43:20 +0000 2019,@OfficialBeck 😂😂😂 100 people in the same lobby fighting for that $130 💰 https://t.co/bKhiERsLy3,#,@OfficialBeck@,1,0
1116569795204243459,RealCaptain865,Fri Apr 12 05:12:38 +0000 2019,RT @ChiefersDaily: Our good friends over at @thejmblya are giving us tickets to giveaway to one lucky follower for the Dallas date who RT’s…,#,@ChiefersDaily@thejmblya@,0,21
1116411695088451592,RealCaptain865,Thu Apr 11 18:44:24 +0000 2019,#Fortnite,#Fortnite#,@,4,0
1116384579651276800,RealCaptain865,Thu Apr 11 16:56:39 +0000 2019,"FORTNITE TOURNAMENT 

(Solos)

4/20/19 

100 players in the same lobby fighting to win! 

$10 entry 

Judged by pla… https://t.co/l3WhxOVam3",#,@,6,0
1116161472856580096,RealCaptain865,Thu Apr 11 02:10:07 +0000 2019,"RT @captaincupit14: I curated an official playlist for our 3rd Annual Afterpalooza 🥳

featuring some of my favorite tracks from:

@chuck_in…",#,@captaincupit14@,0,21
1115715997988790275,RealCaptain865,Tue Apr 09 20:39:57 +0000 2019,@BOOCAMBRIDGEHBK Nope Kodak is hot dog water for that..,#,@BOOCAMBRIDGEHBK@,1,0
1115706530056364034,RealCaptain865,Tue Apr 09 20:02:20 +0000 2019,-700% let’s keep it up #NoMoKodak ✌🏼 https://t.co/oxMkUwrhuH,#NoMoKodak#,@,5,0
1115055398665560064,RealCaptain865,Mon Apr 08 00:54:58 +0000 2019,RT @ZMARTlN: @J_GUNTER12 @RealCaptain865 @TuckerHolt You know what I’m rockin with 😤🍽,#,@ZMARTlN@J_GUNTER12@RealCaptain865@TuckerHolt@,0,1
1115055386149695488,RealCaptain865,Mon Apr 08 00:54:55 +0000 2019,RT @J_GUNTER12: Is this even a question?? @ZMARTlN @RealCaptain865 @TuckerHolt https://t.co/FccPZ5T5f8,#,@J_GUNTER12@ZMARTlN@RealCaptain865@TuckerHolt@,0,2
1114524623184572416,RealCaptain865,Sat Apr 06 13:45:51 +0000 2019,@LighTzOuT__ @JordanBone23 @JordyBow3 @LTurn1 @KyleJamal4 @GrWill2 @fulkerson_john,#,@LighTzOuT__@JordanBone23@JordyBow3@LTurn1@KyleJamal4@GrWill2@fulkerson_john@,4,0
1114515024624738311,RealCaptain865,Sat Apr 06 13:07:43 +0000 2019,RT @LighTzOuT__: Created the Vols on 2k so I can keep this team forever. Took hours. Worth it. https://t.co/P01GX2sM9v,#,@LighTzOuT__@,0,160
1114514550903181313,RealCaptain865,Sat Apr 06 13:05:50 +0000 2019,"RT @cece_cgn: This is a BIG move if you’re in East TN or willing to drive the distance to hear dope music, I want to see y’all there! https…",#,@cece_cgn@,0,6
1114369334032392193,RealCaptain865,Sat Apr 06 03:28:47 +0000 2019,Opening for @quando_rondo tomorrow night come thru 🙏🏼 @thesquareroom ⚓️ https://t.co/qLb5fUcZxF,#,@quando_rondo@thesquareroom@,2,0
1116047746165661697,ayokay,Wed Apr 10 18:38:12 +0000 2019,@itswingtip @QuinnXCII Hahaha love u kid😻,#,@itswingtip@QuinnXCII@,12,0
1116047649252102144,ayokay,Wed Apr 10 18:37:49 +0000 2019,RT @itswingtip: he never checks twitter so he will not see this but congrats to my main man @ayokay on going fuckin G O L D with @QuinnXCII…,#,@itswingtip@ayokay@QuinnXCII@,0,3
1104110162418122752,ayokay,Fri Mar 08 20:02:30 +0000 2019,RT @carlyraejepsen: Tb to writing our tune in the Nica jungle! @CaptainCuts @ayokay #nowthatifoundyou 📸 @marcushaney https://t.co/aBJUdLcMua,#nowthatifoundyou#,@carlyraejepsen@CaptainCuts@ayokay@marcushaney@,0,65
1073464557203537926,ayokay,Fri Dec 14 06:27:49 +0000 2018,@miningwithbri I’ll be back! 🙌🏻🙌🏻,#,@miningwithbri@,6,0
1072900957296455681,ayokay,Wed Dec 12 17:08:16 +0000 2018,"RT @TeamVisionary: VMG's 2018 releases Pt. 2:

@Ayokay - In The Shape of a Dream: https://t.co/OgBnyDPA0U

@Logic301 - YSIV: https://t.co/f…",#,@TeamVisionary@ayokay@Logic301@,0,35
1071890250950172675,ayokay,Sun Dec 09 22:12:05 +0000 2018,RT @justintown27: Ayokay’s performance was quite more than okay last night #VMG https://t.co/Dzwt6eOVET,#VMG#,@justintown27@,0,1
1071890112827543553,ayokay,Sun Dec 09 22:11:32 +0000 2018,RT @shaedband: Good times with @ayokay :) had such a great run! Now time to go home and sleep for a week! https://t.co/ED3i8BZU34,#,@shaedband@ayokay@,0,1
1070044446685720577,ayokay,Tue Dec 04 19:57:31 +0000 2018,"RT @MarginWalkerTX: . @ayokay  is being joined by a couple of local artists and we are STOKED for these shows!

12/8 | @barracudaaustin - H…",#,@MarginWalkerTX@ayokay@barracudaaustin@,0,3
1070044357032460289,ayokay,Tue Dec 04 19:57:09 +0000 2018,don’t think I’ve ever been more excited for anything tbh https://t.co/fO0Z1m8eVt,#,@,85,2
1063183317472763904,ayokay,Thu Nov 15 21:33:50 +0000 2018,"RT @TeamVisionary: Ayokay's first headlining AND sold out tour has been nothing but great times. #InTheShapeOfADreamTour

📸: @jonahgeorge_…",#InTheShapeOfADreamTour#,@TeamVisionary@jonahgeorge_@,0,4
1063183049251147776,ayokay,Thu Nov 15 21:32:46 +0000 2018,RT @umdwritersbloc: Meet electro-pop's newest up-and-coming artist: @ayokay! https://t.co/SJjItPE6ZG,#,@umdwritersbloc@ayokay@,0,5
1061143090726002688,ayokay,Sat Nov 10 06:26:42 +0000 2018,@QuinnXCII “Musicality” is a big word for you 👏🏻👏🏻👏🏻,#,@QuinnXCII@,276,4
1057636741438304256,ayokay,Wed Oct 31 14:13:43 +0000 2018,RT @iambranded_: “in the shape of a dream” @ayokay #pnw https://t.co/CICwRkNDd9,#pnw#,@iambranded_@ayokay@,0,12
1057340761170108416,ayokay,Tue Oct 30 18:37:36 +0000 2018,CHICAGO! This will be my first ever headline show. Grab your tickets while you still can https://t.co/TOIXWqbbf5,#,@,42,0
1054226353132756992,ayokay,Mon Oct 22 04:22:03 +0000 2018,RT @jpomaville13: in the shape of a dream https://t.co/UP2hvo6eyN,#,@jpomaville13@,0,4
1053136556788146176,ayokay,Fri Oct 19 04:11:36 +0000 2018,"RT @TeamVisionary: Get taken back to summer's beauty and happy romance with @ayokay and @QuinnXCII's ""Queen"" video. 

https://t.co/6guBoxe3…",#,@TeamVisionary@ayokay@QuinnXCII@,0,5
1053136536676364288,ayokay,Fri Oct 19 04:11:31 +0000 2018,"RT @jackiessays: . @ayokay released the visuals for one of my favorite songs on his record, it was beautifully done by @jonahgeorge_. you s…",#,@jackiessays@ayokay@jonahgeorge_@,0,1
1053136523627905025,ayokay,Fri Oct 19 04:11:28 +0000 2018,RT @ValenThePotato: One of my all time fav track https://t.co/AYMDcAoX7x,#,@ValenThePotato@,0,2
1053044641061265408,ayokay,Thu Oct 18 22:06:21 +0000 2018,"RT @ColumbiaRecords: When @ayokay and @quinnxcii team up, they can do no wrong. Watch “Queen.” It’s beautiful. https://t.co/5Tz44J0c6j http…",#,@ColumbiaRecords@ayokay@QuinnXCII@,0,45
1053044620232339458,ayokay,Thu Oct 18 22:06:16 +0000 2018,"the “Queen” visuals are out now! special shoutout to my guy @jonahgeorge_ for creating his first ever music video,… https://t.co/rYuaOCgKxO",#,@jonahgeorge_@,109,24
1119360296773091331,BarbraStreisand,Fri Apr 19 22:01:06 +0000 2019,"As the Mueller report outlines, Donald Trump is an inveterate liar who is unfit for the Presidency and to lead our… https://t.co/fxVpKFrOkx",#,@,3575,558
1118229653058150407,BarbraStreisand,Tue Apr 16 19:08:19 +0000 2019,"The numbers are in. Billion dollar corporations paid 0% under Trump’s tax plan for “the forgotten Americans.”
https://t.co/1iWpbfXsOj",#,@,1092,306
1116801673224237066,BarbraStreisand,Fri Apr 12 20:34:02 +0000 2019,"Trump is motivated by spite and revenge. It is no way to run a country. Democrats don’t want open borders, just a l… https://t.co/7ExS3xaKt3",#,@,999,170
1116784060381257729,BarbraStreisand,Fri Apr 12 19:24:03 +0000 2019,Trump’s latest threat is to place all immigrants in the cities of his political opponents. This is insane. https://t.co/PKu6HUIZep,#,@,685,125
1116475771697102855,BarbraStreisand,Thu Apr 11 22:59:01 +0000 2019,"Trump claimed he would work for the “forgotten men and women"" of America &amp; not a single plant would close while he… https://t.co/9K80YYeMxD",#,@,1337,307
1116410851077033984,BarbraStreisand,Thu Apr 11 18:41:03 +0000 2019,It’s #National8TrackDay! Which was your favourite? https://t.co/5LWDRCY8fd,#National8TrackDay#,@,1123,72
1116349896284622849,BarbraStreisand,Thu Apr 11 14:38:50 +0000 2019,Attorney General Barr is supposed to work for the American people. But he appears to be Trump’s puppet when he talk… https://t.co/PjnlLFmc4Z,#,@,674,104
1116146785943207936,BarbraStreisand,Thu Apr 11 01:11:45 +0000 2019,"My dear friend @NomadRJ at his show in Berlin being asked to sign the two album covers he’s shot for me! @ Berlin,… https://t.co/ufFCo9D2yv",#,@NomadRJ@,230,16
1116088517220864001,BarbraStreisand,Wed Apr 10 21:20:13 +0000 2019,Happy birthday Kenny! @KennyEdmonds https://t.co/mQW40I4Znb,#,@KennyEdmonds@,372,35
1116046261713547265,BarbraStreisand,Wed Apr 10 18:32:18 +0000 2019,The best bags are Barbra bags. Available Here https://t.co/jW6jQez2pe https://t.co/6OdYphY0QV,#,@,228,25
1115772385054154752,BarbraStreisand,Wed Apr 10 00:24:01 +0000 2019,"Trump’s picks for the Fed are a dangerous joke. He is undermining the institution with two nominees, one a right-wi… https://t.co/1fvZudQn37",#,@,688,157
1115668892423204867,BarbraStreisand,Tue Apr 09 17:32:46 +0000 2019,"Everyone in the Trump Administration is complicit in the ongoing psychological torture of innocent children.  
https://t.co/rXwYjW4tpR",#,@,1496,279
1115524749139087362,BarbraStreisand,Tue Apr 09 08:00:00 +0000 2019,Thrilled to welcome @BryanFerry and Kris Kristofferson to my headline show at @BSTHydePark on Sunday 7th July! Tick… https://t.co/WoTt210KlG,#,@bryanferry@BSTHydePark@,576,72
1115387262576013313,BarbraStreisand,Mon Apr 08 22:53:40 +0000 2019,Trump has fired the heads of Homeland Security and Secret Service in his slide toward authoritarianism. He wants on… https://t.co/ViFbJPurt1,#,@,2128,504
1114923527126290434,BarbraStreisand,Sun Apr 07 16:10:57 +0000 2019,"Happy 80th birthday, Francis — one of the greatest filmmakers ever. xB https://t.co/BGU6XXF5h0",#,@,2447,267
1113958542753574912,BarbraStreisand,Fri Apr 05 00:16:27 +0000 2019,It looks like Trump’s AG put out a false narrative about Mueller Report. Does anyone in this Administration have an… https://t.co/2L0wQeplGk,#,@,2501,440
1113619620072763393,BarbraStreisand,Thu Apr 04 01:49:42 +0000 2019,Trump is an utter hypocrite commenting on Joe Biden. Trump has been accused by 23 women of sexual assault and caugh… https://t.co/UHgqCVQ2TT,#,@,5792,857
1113520363906981888,BarbraStreisand,Wed Apr 03 19:15:17 +0000 2019,It was so wonderful to see my friend Kris who stopped by yesterday. Stay tuned...😉 https://t.co/2qUrgOikHk,#,@,9253,488
1113470381896216576,BarbraStreisand,Wed Apr 03 15:56:40 +0000 2019,Trump claims the GOP has a great health care plan but we can’t see it until after the 2020 election. Another portra… https://t.co/WSmCttgxip,#,@,1229,248
1113205750128619520,BarbraStreisand,Tue Apr 02 22:25:07 +0000 2019,Even Republican lawmakers call the Trump/Pompeo latest budget cuts to the State Dept “detached from reality.”,#,@,660,94
1118413878596198400,Beyonce,Wed Apr 17 07:20:22 +0000 2019,#HOMECOMING out now. https://t.co/sa6OKEBvkb https://t.co/f7fNhYuzLc,#HOMECOMING#,@,157878,60289
1008102754802438144,Beyonce,Sat Jun 16 21:43:21 +0000 2018,"Stream #EverythingIsLove now, exclusively on TIDAL. Also stream a TIDAL-exclusive track. https://t.co/OHRZ7lnF8n https://t.co/70xd4Box4P",#EverythingIsLove#,@,94187,35135
880817879280754689,Beyonce,Fri Jun 30 15:58:41 +0000 2017,"Mothers in Burundi want to provide clean, safe water for their children. Let's help them, together:… https://t.co/krlhFUX5lF",#,@,60243,19257
724053681608527872,Beyonce,Sun Apr 24 01:53:44 +0000 2016,#LEMONADE the Visual Album. https://t.co/8LM6jOwNKe https://t.co/eV32dUg7Pj,#LEMONADE#,@,181146,107341
369557310412029952,Beyonce,Mon Aug 19 20:31:43 +0000 2013,"RT @jleicole For #WHD2013, I ran 5.312 @CharityMiles to help @GirlUp educate girls in the developing world. #EveryMileMatters
#BeyGood",#WHD2013#EveryMileMatters#BeyGood#,@jleicole@CharityMiles@GirlUp@,48051,21549
369486010280706048,Beyonce,Mon Aug 19 15:48:24 +0000 2013,"Today is World Humanitarian Day.
Another Day to #Beygood
#TheWorldNeedsMore 
http://t.co/FVEZo9dzpA",#Beygood#TheWorldNeedsMore#,@,39314,19752
358331764902592512,Beyonce,Fri Jul 19 21:05:24 +0000 2013,#actnow4Trayvon http://t.co/gcYoiSIbsd,#actnow4Trayvon#,@,30624,17751
341358625639526401,Beyonce,Mon Jun 03 01:00:13 +0000 2013,Tune in now to NBC #ChimeforChange benefit concert. I am honored to be part of this great initiative for the empowerment of all women!,#ChimeforChange#,@,28729,18702
237208467419578368,Beyonce,Sun Aug 19 15:24:40 +0000 2012,"This World Humanitarian Day I’m doing something good, somewhere, for someone else. Join me! #WHD2012 #IWASHERE http://t.co/s0wzBAdS",#WHD2012#IWASHERE#,@,25938,19673
235894234245394433,Beyonce,Thu Aug 16 00:22:22 +0000 2012,It all starts with doing! - http://t.co/rHqwQVLs #IWASHERE #WHD2012,#IWASHERE#WHD2012#,@,21962,17859
235870359029706752,Beyonce,Wed Aug 15 22:47:30 +0000 2012,"Hello, its Beyonce'.
World Humanitarian day is 4 days away!
August 19th. What will your act of kindness be? #IWASHERE #WHD2012",#IWASHERE#WHD2012#,@,25873,19691
187902028217987072,Beyonce,Thu Apr 05 13:58:29 +0000 2012,"Hey World, It's B!
I'm so excited to invite you to my new http://t.co/fZxlrtAh - we've been working
hard, and it's finally ready for you XO",#,@,45851,48453
1119358424058421248,BillieMarten,Fri Apr 19 21:53:39 +0000 2019,@SieWebby Yes I should think so,#,@SieWebby@,1,0
1118924043711844352,BillieMarten,Thu Apr 18 17:07:35 +0000 2019,"if you have any questions for me, music / life / musing / existential angst-related, or even if you just have somet… https://t.co/SiK7yIuTf4",#,@,52,5
1117782038411710466,BillieMarten,Mon Apr 15 13:29:40 +0000 2019,it may smell of oranges also. If that is enticing to some https://t.co/GT9RlVi5L4,#,@,71,5
1117507292121923584,BillieMarten,Sun Apr 14 19:17:55 +0000 2019,getting chilly with philly https://t.co/TtCCE3UY17,#,@,20,0
1116388456601739264,BillieMarten,Thu Apr 11 17:12:04 +0000 2019,"RT @JerichoKeys: What a wonderful day with @BillieMarten 🌼🌸 
You can hear ‘Feeding Seahorses by Hand”, played live, in all its glory, from…",#,@JerichoKeys@BillieMarten@,0,7
1116025769086603294,BillieMarten,Wed Apr 10 17:10:52 +0000 2019,This will be a bag of sweeties https://t.co/4hNqJUwUlR,#,@,27,2
1115296336163876865,BillieMarten,Mon Apr 08 16:52:22 +0000 2019,"RT @residentmusic: BILLIE MARTEN returns w/ her striking, evocative folk on ‘Feeding Seahorses By Hand’ later this month, &amp; to celebrate Bi…",#,@residentmusic@,0,2
1115293595022524418,BillieMarten,Mon Apr 08 16:41:28 +0000 2019,"RT @RoughTrade: JUST ANNOUNCED! On top of touring and finishing her A-levels, @BillieMarten is back with a new LP on @RCARecords this April…",#,@RoughTrade@BillieMarten@RCARecords@,0,5
1114440306517315584,BillieMarten,Sat Apr 06 08:10:49 +0000 2019,@lilsygrace1 Thank you flower do not be jealous,#,@lilsygrace1@,0,0
1113892408427786241,BillieMarten,Thu Apr 04 19:53:39 +0000 2019,@stereogum thank you friends,#,@stereogum@,2,0
1113727435697283072,BillieMarten,Thu Apr 04 08:58:07 +0000 2019,@SoundKnowledge_ strong outfit choice. Excited to see you boys again x,#,@SoundKnowledge_@,2,0
1113711134719315968,BillieMarten,Thu Apr 04 07:53:20 +0000 2019,"Mornin 
https://t.co/tDzw5dEIEk",#,@,113,25
1113534300006297600,BillieMarten,Wed Apr 03 20:10:40 +0000 2019,@rom_loves_you can i have these?,#,@rom_loves_you@,0,0
1113534176207228928,BillieMarten,Wed Apr 03 20:10:10 +0000 2019,@iamcharlotte_ all will be revealed,#,@iamcharlotte_@,1,0
1113477210852286466,BillieMarten,Wed Apr 03 16:23:49 +0000 2019,"I gots a smol song coming tomorrow, it’s something to do with Trump, the turnip https://t.co/EvKyB943It",#,@,107,7
1113007370769182720,BillieMarten,Tue Apr 02 09:16:50 +0000 2019,Oh @laurenlaverne you little peach thank you. X,#,@laurenlaverne@,32,0
1112797902848577539,BillieMarten,Mon Apr 01 19:24:29 +0000 2019,@jowhiley thank you kindly that was nice X,#,@jowhiley@,3,0
1112763445513019393,BillieMarten,Mon Apr 01 17:07:34 +0000 2019,I will be there too with a beloved cowbell https://t.co/lbYTEgxg2v,#,@,75,0
1111280871322148864,BillieMarten,Thu Mar 28 14:56:20 +0000 2019,big believer in @BBCRadio4,#,@BBCRadio4@,40,0
1111007968244436993,BillieMarten,Wed Mar 27 20:51:55 +0000 2019,@amazingradio @niluferyanya @SwineTax Thanking you,#,@amazingradio@niluferyanya@SwineTax@,2,0
1116822291915116545,billyjoel,Fri Apr 12 21:55:58 +0000 2019,Billy Joel’s historic ‘Live At Carnegie Hall 1977’ will be available on vinyl for the first time for… https://t.co/vYLze0g9ed,#,@,424,80
1116718925436289024,billyjoel,Fri Apr 12 15:05:14 +0000 2019,".@realjimmywebb's ‘SlipCover,’ uses his own piano arrangements on some of his favorite songs. Available for presale… https://t.co/6Ks00Do8E5",#,@realjimmywebb@,78,17
1116688418275196928,billyjoel,Fri Apr 12 13:04:00 +0000 2019,"Tickets are ON SALE now to see @BillyJoel at @TheGarden on Friday, October 25! Citi cardmembers can access preferre… https://t.co/HkJq1O93vi",#,@billyjoel@TheGarden@,156,33
1115236178335289344,billyjoel,Mon Apr 08 12:53:19 +0000 2019,Sending birthday wishes to Paul Rudd who celebrated his birthday on Saturday! | 📸 Repost: @JuddApatow https://t.co/AvyAtn8A9v,#,@JuddApatow@,1406,101
1113773262394339328,billyjoel,Thu Apr 04 12:00:13 +0000 2019,"Tickets will go on sale to the general public on Friday, April 12 at 9am. #BillyJoelMSG
📸: @MyrnaSuarez25",#BillyJoelMSG#,@MyrnaSuarez25@,125,20
1113773258854273025,billyjoel,Thu Apr 04 12:00:12 +0000 2019,"The greatest arena run ever continues! 

#BillyJoel adds an unprecedented 69th consecutive show at @TheGarden on Fr… https://t.co/aldzj9xfgm",#BillyJoel#,@TheGarden@,550,59
1111682927967039488,billyjoel,Fri Mar 29 17:33:58 +0000 2019,📸: @MyrnaSuarez25 and @LaurelStorm,#,@MyrnaSuarez25@LaurelStorm@,69,7
1111645761593319427,billyjoel,Fri Mar 29 15:06:17 +0000 2019,“Billy Joel was 11 songs into his set at @TheGarden last week when he stopped to briefly address the crowd. ‘Coming… https://t.co/o24dP1TYrj,#,@TheGarden@,509,67
1110206689691750401,billyjoel,Mon Mar 25 15:47:56 +0000 2019,Can’t wait to see you at the show! #BillyJoelMSG https://t.co/LJkGVrXQRv,#BillyJoelMSG#,@,369,37
1108924754566832128,billyjoel,Fri Mar 22 02:53:58 +0000 2019,RT @TheGarden: We’re goin’ up around the bend! @john_fogerty joins @billyjoel on stage tonight! #BillyJoelMSG (🎥: carloscharlieperez) https…,#BillyJoelMSG#,@TheGarden@John_Fogerty@billyjoel@,0,61
1108924697348055040,billyjoel,Fri Mar 22 02:53:45 +0000 2019,What a night! @John_Fogerty joined Billy on stage at @TheGarden! #BillyJoelMSG 📸: @MyrnaSuarez25 https://t.co/YJNpOFSFyO,#BillyJoelMSG#,@John_Fogerty@TheGarden@MyrnaSuarez25@,570,72
1107657388008574976,billyjoel,Mon Mar 18 14:57:55 +0000 2019,Music has played such an important role on @SesameStreet for 50 years. Check out Billy’s performance of ‘Just the W… https://t.co/zbw5wJZLB9,#,@sesamestreet@,901,200
1106631156739571714,billyjoel,Fri Mar 15 19:00:02 +0000 2019,"Tonight on @SkyArts in the UK, @acdc's @BrianJohnson meets long-time friend, Billy Joel for the latest installment… https://t.co/WasHRdQ78V",#,@SkyArts@acdc@BrianJohnson@,490,75
1105111899866349569,billyjoel,Mon Mar 11 14:23:03 +0000 2019,Tune in to @MSGNetworks' March re-broadcasts of Billy Joel’s “White Hot Spotlight” — the 3rd installment in the doc… https://t.co/KNhxFcz6WU,#,@MSGNetworks@,267,44
1101867347286085632,billyjoel,Sat Mar 02 15:30:21 +0000 2019,‘Live At Carnegie Hall 1977’ will be available for the first time on vinyl this @RecordStoreDay (April 13)! Hear ea… https://t.co/MIm6YkJaW8,#,@recordstoreday@,554,87
1101497511204872193,billyjoel,Fri Mar 01 15:00:46 +0000 2019,"Tickets are ON SALE NOW to see Billy Joel at @TheGarden on Friday, September 27! Citi cardmembers can access prefer… https://t.co/bigPyIPhyq",#,@TheGarden@,265,39
1099047462734626817,billyjoel,Fri Feb 22 20:45:09 +0000 2019,#FLASHBACKFRIDAY: Alexa Ray Joel joined her father Billy Joel on stage at @TheGarden on #ValentinesDay for a duet o… https://t.co/os3IeQvWcM,#FLASHBACKFRIDAY#ValentinesDay#,@TheGarden@,924,132
1098569827151765504,billyjoel,Thu Feb 21 13:07:11 +0000 2019,"Tickets will go on sale to the general public on Friday, March 1 at 10am. #BillyJoelMSG",#BillyJoelMSG#,@,137,15
1098569745262170112,billyjoel,Thu Feb 21 13:06:52 +0000 2019,The greatest arena run ever continues! Billy Joel adds an unprecedented 68th consecutive show at @TheGarden on Frid… https://t.co/eb5muVtgqV,#,@TheGarden@,420,40
1097990623347568640,billyjoel,Tue Feb 19 22:45:38 +0000 2019,Billy Joel returned to @TheGarden on #ValentinesDay! Check out the highlights here: https://t.co/DgxgWtTJ1P …… https://t.co/5LMd9kZWlF,#ValentinesDay#,@TheGarden@,360,51
1116785397395275778,bobdylan,Fri Apr 12 19:29:22 +0000 2019,"RT @TowerDublin: Unreal to receive a signed album from @bobdylan the day before @recordstoreday  

It is now hanging pride of place behind…",#,@TowerDublin@bobdylan@recordstoreday@,0,113
1067397783001415682,bobdylan,Tue Nov 27 12:40:37 +0000 2018,"Bob Dylan will appear in London next July 12 at @BSTHydePark, along with Neil Young.

Tickets go on sale on Friday,… https://t.co/2pl8jpuTQu",#,@BSTHydePark@,1049,314
1065817158809264128,bobdylan,Fri Nov 23 03:59:47 +0000 2018,"RT @jimmyfallon: Happy Thanksgiving!! Wait until you see our show tonight. @JerrySeinfeld, @BrianReganComic, @RobertIrwin and his animals a…",#,@jimmyfallon@JerrySeinfeld@BrianReganComic@RobertIrwin@,0,227
1058339637016645632,bobdylan,Fri Nov 02 12:46:47 +0000 2018,"""More Blood, More Tracks"" is out today!
""Listeners through the decades have been riveted by the album’s pain and lo… https://t.co/5TjnwhwshX",#,@,1245,491
1055490873897742336,bobdylan,Thu Oct 25 16:06:49 +0000 2018,"RT @nprmusic: #FirstListen: Stream a sampler of tracks from Bob Dylan's (@bobdylan) 'More Blood, More Tracks: The Bootleg Series Vol. 14,'…",#FirstListen#,@nprmusic@bobdylan@,0,205
1042757078694195200,bobdylan,Thu Sep 20 12:47:15 +0000 2018,"""More Blood, More Tracks - The Bootleg Series Vol. 14"" will be released 11/2!
The complete ""Blood on the Tracks: se… https://t.co/TdABjpDp1Y",#,@,1708,599
968918458233769984,bobdylan,Wed Feb 28 18:38:56 +0000 2018,"Check out @TheAvenerMusic’s rework of Masters of War, out this Friday. https://t.co/wtrTPUMX7B",#,@TheAvenerMusic@,451,193
961321193184907264,bobdylan,Wed Feb 07 19:30:07 +0000 2018,"It’s Bob Dylan like you’ve never seen him.
'Trouble No More' premieres Monday, February 26 at 10PM on #Cinemax. https://t.co/0KL6D5uEXm",#Cinemax#,@,627,275
960653810006941696,bobdylan,Mon Feb 05 23:18:11 +0000 2018,"Check out Bob Dylan’s performance of “It Takes a Lot to Laugh, It Takes a Train to Cry” with the @wyntonmarsalis Se… https://t.co/IQAIR3mIin",#,@wyntonmarsalis@,497,191
929021604436365313,bobdylan,Fri Nov 10 16:23:05 +0000 2017,There’s a slow train comin’. ‘Trouble No More: The Bootleg Series Vol. 13/1979-1981’ is available now. https://t.co/nvodovsQW5,#,@,1013,466
927560808787337217,bobdylan,Mon Nov 06 15:38:24 +0000 2017,Discover rare memorabilia from the period covered in ‘Trouble No More: The Bootleg Series Vol. 13/1979-1981’:… https://t.co/MZMRolFvNm,#,@,470,182
926424143876288512,bobdylan,Fri Nov 03 12:21:42 +0000 2017,‘Trouble No More: The Bootleg Series Vol. 13/1979-1981’ is available today: https://t.co/n9phC2eJKF https://t.co/rtMMP4HvM6,#,@,1423,658
926128844477796352,bobdylan,Thu Nov 02 16:48:17 +0000 2017,"Trouble No More concert film screenings in five cities tonight!
https://t.co/816GQGl4WI…",#,@,246,79
926117289019301890,bobdylan,Thu Nov 02 16:02:22 +0000 2017,"Esquire’s Jeff Slate: When Bob Dylan Saw God
https://t.co/a6JoUOWv5m",#,@,410,173
926091589927297024,bobdylan,Thu Nov 02 14:20:15 +0000 2017,https://t.co/a16TZ5C0yN,#,@,260,97
925831027527909377,bobdylan,Wed Nov 01 21:04:52 +0000 2017,A clip featuring a performance of “What Can I Do For You?” can be viewed exclusively at The @nytimes: https://t.co/Jl1eRLyR1F,#,@nytimes@,512,255
925775816050561026,bobdylan,Wed Nov 01 17:25:29 +0000 2017,"Exclusive screenings tomorrow night for the “Trouble No More” film:
San Francisco: https://t.co/NVH0vEa0gP",#,@,157,62
925775754205581313,bobdylan,Wed Nov 01 17:25:14 +0000 2017,"Exclusive screenings tomorrow night for the “Trouble No More” film:
Philadelphia: https://t.co/xobPCjaKNi",#,@,96,37
925775627625680896,bobdylan,Wed Nov 01 17:24:44 +0000 2017,"Exclusive screenings tomorrow night for the “Trouble No More” film:
Chicago: https://t.co/QYqL7FzSGf",#,@,83,34
925775560223219712,bobdylan,Wed Nov 01 17:24:28 +0000 2017,"Exclusive screenings tomorrow night for the “Trouble No More” film:
New York: https://t.co/c60bYiTtOd",#,@,94,45
1119627070643015680,bmthofficial,Sat Apr 20 15:41:09 +0000 2019,RT @trupeter: .Getting up this morning was hard but had a great night. Seeing #BMTH start across small venues in a Australia and to build t…,#BMTH#,@trupeter@,0,103
1119481044317634560,bmthofficial,Sat Apr 20 06:00:54 +0000 2019,"RT @bmthofficial: joιn υѕ aт @allpointseastuk
gυeѕтlιѕт ғor тwo, vιp paѕѕeѕ, вar acceѕѕ and мeeт υѕ вacĸѕтage
ғlιgнтѕ and нoтel ιnclυded
ev…",#,@bmthofficial@allpointseastuk@,0,311
1119193929835008002,bmthofficial,Fri Apr 19 11:00:01 +0000 2019,"joιn υѕ aт @allpointseastuk
gυeѕтlιѕт ғor тwo, vιp paѕѕeѕ, вar acceѕѕ and мeeт υѕ вacĸѕтage
ғlιgнтѕ and нoтel ιnclυ… https://t.co/DkLxaV21ZW",#,@allpointseastuk@,2174,311
1118905458583060480,bmthofficial,Thu Apr 18 15:53:44 +0000 2019,"wιn all 7 lιмιтed edιтιon alвυм prιnтѕ

go тo @нorιzonѕυpplyco on ιnѕтagraм тo ғιnd oυт мore
https://t.co/CmHOLzVaYA https://t.co/6Gib7RcY2V",#,@,2409,349
1118757698328305664,bmthofficial,Thu Apr 18 06:06:35 +0000 2019,"RT @2poundfish: .@olobersyko @bmthofficial 
in melbourne, captured by me. https://t.co/AkMDEOsDKq",#,@2poundfish@olobersyko@bmthofficial@,0,405
1118755686387736576,bmthofficial,Thu Apr 18 05:58:35 +0000 2019,"RT @Gigwise: ""The show is going to be completely different to what we’re doing at any other festival and not only in terms of the setlist..…",#,@Gigwise@,0,20
1118755663910449153,bmthofficial,Thu Apr 18 05:58:30 +0000 2019,"RT @allpointseastuk: Friday 31 May looks like this......
Tix ❯❯❯❯ https://t.co/TerOFfS4cj

@bmthofficial ❯ @Architectsuk ❯ @runjewels ❯ @NB…",#,@allpointseastuk@bmthofficial@Architectsuk@runjewels@,0,90
1118535529639882752,bmthofficial,Wed Apr 17 15:23:46 +0000 2019,lolla cнιcago https://t.co/7tDKx1bFv0,#,@,2348,301
1118408753609625600,bmthofficial,Wed Apr 17 07:00:00 +0000 2019,"provιnѕѕι 2019
https://t.co/TK7yGV2BAP https://t.co/khWIv6jCjg",#,@,956,79
1118389921172131841,bmthofficial,Wed Apr 17 05:45:10 +0000 2019,🇺🇸 @scarlxrd https://t.co/9uoMoAlvdr,#,@scarlxrd@,2392,245
1118234700810805254,bmthofficial,Tue Apr 16 19:28:23 +0000 2019,"RT @therave: Can't believe it's been 3 years since @bmthofficial performed at The Rave / Eagles Club!

We're stoked for their return on May…",#,@therave@bmthofficial@,0,61
1118234660251811842,bmthofficial,Tue Apr 16 19:28:13 +0000 2019,RT @AltPress: .@bmthofficial are really going all-out for their first headlining set at a festival 🤯 https://t.co/7guUYCnpWu,#,@AltPress@bmthofficial@,0,73
1118234647274688515,bmthofficial,Tue Apr 16 19:28:10 +0000 2019,RT @KerrangMagazine: .@bmthofficial’s headline set at @allpointseastuk will be two hours long and include “older stuff” https://t.co/J0galf…,#,@KerrangMagazine@bmthofficial@allpointseastuk@,0,97
1118086640419987456,bmthofficial,Tue Apr 16 09:40:02 +0000 2019,RT @Gigwise: Bring Me The Horizon @bmthofficial chat to us about their next steps... https://t.co/qV9LcBnzpS,#,@Gigwise@bmthofficial@,0,100
1118033190806069248,bmthofficial,Tue Apr 16 06:07:39 +0000 2019,RT @Architectsuk: .@allpointseastuk together? 👬 https://t.co/jZ1B12fVxR,#,@Architectsuk@allpointseastuk@,0,228
1117770077988892674,bmthofficial,Mon Apr 15 12:42:08 +0000 2019,📷 @tsdtd https://t.co/4kn1BOj0C7,#,@tsdtd@,4812,1031
1117688763864498176,bmthofficial,Mon Apr 15 07:19:01 +0000 2019,🇦🇺❤️ 📷 jordan k munns https://t.co/0G9PDd78XF,#,@,4365,465
1117194215581208576,bmthofficial,Sat Apr 13 22:33:52 +0000 2019,"RT @RCALabelGroupUK: 🏄🏻‍♂️🏄🏻‍♂️🏄🏻‍♂️

Quite possibly the most insane crowd-surf you’ll ever see https://t.co/4hP7BuOkEZ",#,@RCALabelGroupUK@,0,178
1117193836424462337,bmthofficial,Sat Apr 13 22:32:21 +0000 2019,RT @bmthofficial: 🎥 @tsdtd https://t.co/vV20JaXLLz,#,@bmthofficial@tsdtd@,0,2801
1116905167465648128,bmthofficial,Sat Apr 13 03:25:17 +0000 2019,🎥 @tsdtd https://t.co/vV20JaXLLz,#,@tsdtd@,10983,2801
1119447149014446081,springsteen,Sat Apr 20 03:46:13 +0000 2019,"RT @backstreetsmag: ""Immortalize me, please!"" The artistic stylings of @springsteen, paying tribute to @Danny_Clinch for @kacfund https://t…",#,@backstreetsmag@springsteen@Danny_Clinch@kacfund@,0,39
1114195998241316867,springsteen,Fri Apr 05 16:00:01 +0000 2019,"Site of two Olympic Games, Los Angeles Memorial Coliseum provides a fitting backdrop to the last lap of the Born In… https://t.co/6s6pwoEKwU",#,@,952,170
1113989538878111744,springsteen,Fri Apr 05 02:19:37 +0000 2019,"Over here on E Street, we mourn last week’s passing of Scott Walker, one of music's most beautiful, creative and fo… https://t.co/xuGrDnBr7e",#,@,2419,200
1113444883619037184,springsteen,Wed Apr 03 14:15:21 +0000 2019,“Dreams will not be thwarted…faith will be rewarded…” The Songs of Hope playlist features 15 classic live performan… https://t.co/uVltOYizdv,#,@,1153,244
1112766351402246145,springsteen,Mon Apr 01 17:19:07 +0000 2019,RT @SIRIUSXM: What's your favorite @springsteen record? @DannyDeVito shares his and more during a special guest DJ session on E Street Radi…,#,@SIRIUSXM@springsteen@DannyDeVito@,0,119
1112448608802992128,springsteen,Sun Mar 31 20:16:31 +0000 2019,"RT @SonyLegacyUK: #OnThisDay March 31, 1992: Bruce @springsteen releases his ninth and tenth albums – ‘Human Touch’ and ‘Lucky Town’ – on t…",#OnThisDay#,@SonyLegacyUK@springsteen@,0,140
1111843012722610176,springsteen,Sat Mar 30 04:10:05 +0000 2019,"RT @nprmusic: How was Bruce Springsteen's hit ""Born in the U.S.A."" so widely misunderstood? It took time for @springsteen himself to figure…",#,@nprmusic@springsteen@,0,194
1111652535322972160,springsteen,Fri Mar 29 15:33:12 +0000 2019,"Hear versions of “Land of Hope and Dreams,” “The Promised Land,” “Badlands,” “The Rising” and more, all streaming f… https://t.co/tiKVv4V7V1",#,@,827,164
1111652531556544512,springsteen,Fri Mar 29 15:33:11 +0000 2019,"Songs of Hope is the latest of Bruce Springsteen’s Live Series playlists, featuring performances of uplifting songs… https://t.co/NYA1G5d75Y",#,@,1374,271
1107386121661472768,springsteen,Sun Mar 17 21:00:00 +0000 2019,Now on YouTube for the first time: Bruce and The Sessions Band’s ‘Live In Dublin’! https://t.co/HUD79HN6uC https://t.co/TcJHZpZavU,#,@,2161,401
1105633071079088128,springsteen,Wed Mar 13 00:54:00 +0000 2019,"RT @WheelofFortune: Baby we were born to solve! #YoureOnWheel, @springsteen! #WheelOfFortune https://t.co/N7wk9RJBtg",#YoureOnWheel#WheelOfFortune#,@WheelofFortune@springsteen@,0,146
1103740975875264514,springsteen,Thu Mar 07 19:35:29 +0000 2019,"""Born In The USA"" from Springsteen On Broadway has been named to @NYTmag's Top 25 Songs That Matter Right Now. https://t.co/OR6xaZCS4H",#,@NYTmag@,1358,276
1101902151306100737,springsteen,Sat Mar 02 17:48:39 +0000 2019,RT @SIRIUSXM: It's a tough task but we're asking anyway: What are your top five favorite party songs by Bruce @springsteen? Vote here: http…,#,@SIRIUSXM@springsteen@,0,60
1101636873708077058,springsteen,Sat Mar 02 00:14:32 +0000 2019,Bruce brings the Devils &amp; Dust solo tour to an unforgettable conclusion with a set list that pulls out all the stop… https://t.co/HSzFTcvzof,#,@,1506,233
1101221882706255872,springsteen,Thu Feb 28 20:45:31 +0000 2019,"In 2005, Bruce Springsteen’s ‘VH1 Storytellers’ gave fans the stories behind some of his greatest songs, including… https://t.co/Y2MIJYuSfr",#,@,2378,534
1097305967975387136,springsteen,Mon Feb 18 01:25:04 +0000 2019,RT @sarfrazmanzoor: You guys free August 14th?  https://t.co/Rh1wDDwekg,#,@sarfrazmanzoor@,0,166
1095370389579071488,springsteen,Tue Feb 12 17:13:46 +0000 2019,“Blood brothers in a stormy night with a vow to defend…” Hear classic live performances streaming for the first tim… https://t.co/hwbRNnwfGO,#,@,2424,452
1093606183716433920,springsteen,Thu Feb 07 20:23:27 +0000 2019,The Songs of Friendship playlist is now streaming! Hear Bruce and his friends play together through the years on th… https://t.co/mMLayuCpDn,#,@,2204,423
1091380657563959299,springsteen,Fri Feb 01 17:00:00 +0000 2019,"Equal parts concert and Irish wake, Tampa 2008 celebrates the life of founding E Street Band member Dan Federici, w… https://t.co/EQFDgoVo2a",#,@,1272,204
1090294378923474950,springsteen,Tue Jan 29 17:03:31 +0000 2019,"Songs of Friendship is the second of Bruce Springsteen’s new Live Series playlists, featuring 15 concert performanc… https://t.co/AgME4ohmV9",#,@,2061,409
1118234372224634881,CalvinHarris,Tue Apr 16 19:27:04 +0000 2019,"RT @CamelPhat: Out Now!!! @CalvinHarris 
I’m Not Alone Extended Remix I &amp; II 
Get to @beatport now 🛸 

https://t.co/JhsHG2kzaZ",#,@CamelPhat@CalvinHarris@beatport@,0,50
1116734185371082752,CalvinHarris,Fri Apr 12 16:05:52 +0000 2019,RT @BRITs: Gigantic congratulations to @CalvinHarris and @RagNBoneManUK as 'Giant' is #BRITcertified Platinum! 🇬🇧💿 https://t.co/p87K2zMyCD,#BRITcertified#,@BRITs@CalvinHarris@RagNBoneManUK@,0,52
1116459320609099776,CalvinHarris,Thu Apr 11 21:53:39 +0000 2019,Wow!!!! 🙏🙏🙏 https://t.co/Gr7TIRtFoh,#,@,2003,164
1115286721334132739,CalvinHarris,Mon Apr 08 16:14:10 +0000 2019,Wow!!! https://t.co/kxvj7Yve1L,#,@,896,64
1114656113318748161,CalvinHarris,Sat Apr 06 22:28:21 +0000 2019,Big stats https://t.co/ENLpmt3llI,#,@,6619,447
1114617070459580417,CalvinHarris,Sat Apr 06 19:53:12 +0000 2019,"RT @Charlie_S_Lane: Corrrr the 2019 edit of @CalvinHarris - I’m Not Alone has sprinkled some serious zest on an already brilliant record, l…",#,@Charlie_S_Lane@CalvinHarris@,0,13
1114604515708166144,CalvinHarris,Sat Apr 06 19:03:19 +0000 2019,RT @youtubemusic: I’m Not Alone came out 10 years ago this week and @CalvinHarris is celebrating with a special remix package → https://t.c…,#,@youtubemusic@CalvinHarris@,0,45
1114603132497977344,CalvinHarris,Sat Apr 06 18:57:49 +0000 2019,RT @ariellefree: Just had an out of body experience as I finished a 15km run and @CalvinHarris ‘I’m Not Alone’ original into new @CamelPhat…,#,@ariellefree@CalvinHarris@CamelPhat@,0,8
1114601681990193152,CalvinHarris,Sat Apr 06 18:52:03 +0000 2019,RT @sarahsophiaa_: I’m Not Alone 2019 - EP is so fucking good. Everything I needed. 😩@CalvinHarris,#,@sarahsophiaa_@CalvinHarris@,0,16
1114601623530041344,CalvinHarris,Sat Apr 06 18:51:50 +0000 2019,RT @joxdvn: thank you @CalvinHarris for this https://t.co/mJgu25LbPP,#,@joxdvn@CalvinHarris@,0,24
1114601588486623232,CalvinHarris,Sat Apr 06 18:51:41 +0000 2019,RT @_Jampot: Absolutely cannot believe that @CalvinHarris 's I'm Not Alone is 10. Strong reboot but the remaster of such a timeless classic…,#,@_Jampot@CalvinHarris@,0,8
1114601245304475648,CalvinHarris,Sat Apr 06 18:50:19 +0000 2019,"RT @pandoramusic: To commemorate the 10th anniversary of his first U.K. #1, @CalvinHarris releases 'I’m Not Alone 2019.' The remake feature…",#,@pandoramusic@CalvinHarris@,0,19
1114300174090653696,CalvinHarris,Fri Apr 05 22:53:58 +0000 2019,RT @MarkRonson: The song that launched CH 2.0 and changed the landscape of pop music https://t.co/GK7iPZpQ4L,#,@MarkRonson@,0,52
1114275157290315776,CalvinHarris,Fri Apr 05 21:14:34 +0000 2019,Thank you 👍 https://t.co/7M610UKwZM,#,@,625,39
1114239372264521728,CalvinHarris,Fri Apr 05 18:52:22 +0000 2019,"RT @BBCR1: 🔥THE HOTTEST RECORD IN THE WORLD 🔥 

A @CalvinHarris classic x @Camelphat = 🔥🔥🔥🔥🔥🔥 

@AnnieMac wants your thoughts please! https…",#,@BBCR1@CalvinHarris@CamelPhat@AnnieMac@,0,191
1114235076164837376,CalvinHarris,Fri Apr 05 18:35:18 +0000 2019,🙏🙏🙏 https://t.co/QkoaO3X3cD,#,@,1123,108
1114228913373241344,CalvinHarris,Fri Apr 05 18:10:48 +0000 2019,❤️ https://t.co/EXRIYg09VY,#,@,428,37
1114188564835622913,CalvinHarris,Fri Apr 05 15:30:29 +0000 2019,RT @FletcherKerr_: Never in doubt but the @CamelPhat remix of @CalvinHarris is just on other levels of amazing  https://t.co/2FJlJSZ1lI,#,@FletcherKerr_@CamelPhat@CalvinHarris@,0,16
1114187698082799616,CalvinHarris,Fri Apr 05 15:27:02 +0000 2019,"RT @CalvinHarris: I’m Not Alone 2019 is out now!!! 

Remixes from @CamelPhat and @ThomsSchumacher plus my 2019 version &amp; remastered 2009 or…",#,@CalvinHarris@CamelPhat@ThomsSchumacher@,0,411
1114177627332403201,CalvinHarris,Fri Apr 05 14:47:01 +0000 2019,RT @vincey1991: @CalvinHarris my favourite song of all time got remastered 🔥 🔥🔥 https://t.co/96w7XjvGty,#,@vincey1991@CalvinHarris@,0,13
1118922995420917760,celinedion,Thu Apr 18 17:03:25 +0000 2019,Very proud of you @ladygaga // Je suis très fière de toi! #TIME100 ❤️ - Celine xx... https://t.co/ZvcchMEVHn,#TIME100#,@ladygaga@,11505,2569
1118887994948063234,celinedion,Thu Apr 18 14:44:20 +0000 2019,"So excited to be performing at @BSTHydePark!
I’ll be joined by @joshgroban &amp; @_ClaireRichards, you won’t want to mi… https://t.co/esVvHLv7zc",#,@BSTHydePark@joshgroban@_ClaireRichards@,1426,226
1118555461148524544,celinedion,Wed Apr 17 16:42:58 +0000 2019,"My 'Paint' Will Go On, And On!! - Celine xx... https://t.co/C0LMuLNyF0",#,@,3573,528
1118269121437687808,celinedion,Tue Apr 16 21:45:09 +0000 2019,"My heart goes out to the people in Paris, and throughout all of France for the tragedy at Notre-Dame Cathedral // M… https://t.co/E0C4S4ZfO0",#,@,3800,558
1117439130126831616,celinedion,Sun Apr 14 14:47:04 +0000 2019,What a beautiful dance to 'Ashes' by Briar Nolet. Good luck tonight on #WorldofDance ✨// Quelle jolie performance d… https://t.co/zkiYaATxgU,#WorldofDance#,@,2211,351
1117049992709939201,celinedion,Sat Apr 13 13:00:46 +0000 2019,"The daffodil symbolizes strength, courage and life. During @cancersociety‘s annual #DaffodilCampaign, you can show… https://t.co/Uby2B51673",#DaffodilCampaign#,@cancersociety@,700,105
1117049987227996160,celinedion,Sat Apr 13 13:00:45 +0000 2019,"La jonquille symbolise la force, le courage et la vie. Durant la #campagnedelajonquille de la @societeducancer, app… https://t.co/Ebz3ecL7JK",#campagnedelajonquille#,@societeducancer@,1007,152
1116703533808545792,celinedion,Fri Apr 12 14:04:04 +0000 2019,The time has come! Tickets for the first leg of Céline’s #CourageWorldTour are on sale today! // C’est enfin le gra… https://t.co/9taPCptGr9,#CourageWorldTour#,@,1789,343
1116425385544011776,celinedion,Thu Apr 11 19:38:48 +0000 2019,"In case you missed it, here’s Celine’s stunning performance of “Ashes” on @JimmyKimmelLive. Who’s excited for… https://t.co/N81EwmJhz5",#,@JimmyKimmelLive@,1595,280
1115670356079939585,celinedion,Tue Apr 09 17:38:35 +0000 2019,"Come see Céline on her #CourageWorldTour! @AmericanExpress  Card Members, get tix early with the #AmexPresale happe… https://t.co/CGgm0LnSaf",#CourageWorldTour#AmexPresale#,@AmericanExpress@,983,140
1115616743047610368,celinedion,Tue Apr 09 14:05:33 +0000 2019,Outtakes! 🎥 Go to Celine’s YouTube channel to watch the full movie // Scènes coupées ! 🎥 Allez sur la chaîne YouTub… https://t.co/wHz9dqbN2I,#,@,891,155
1115616613741371392,celinedion,Tue Apr 09 14:05:02 +0000 2019,"New shows added! Presales are happening now, all tickets for the first leg go on sale this Friday // Nouveaux spect… https://t.co/6tNvpcrgVy",#,@,1583,229
1115323604122492928,celinedion,Mon Apr 08 18:40:43 +0000 2019,More show dates have just been added to Celine’s #CourageWorldTour! // Nouvelles dates de concert ajoutées! Montréa… https://t.co/4twcuPpLz2,#CourageWorldTour#,@,1585,233
1114922033144401920,celinedion,Sun Apr 07 16:05:01 +0000 2019,It’s UN #WorldHealthDay! Let’s support people affected by Natural Disasters with #CallforCode. You can help… https://t.co/IAmt30KByk,#WorldHealthDay#CallforCode#,@,708,176
1114876293152038912,celinedion,Sun Apr 07 13:03:16 +0000 2019,"Team Celine pre-sale for #CourageWorldTour starts Monday, April 8 at 10am local time! Don’t miss your chance to get… https://t.co/K8W5wzU1uI",#CourageWorldTour#,@,1361,215
1114592805047816197,celinedion,Sat Apr 06 18:16:47 +0000 2019,We lost an incredible artist this week. My sincere condolences to Luigi’s family and friends. // Nous avons perdu u… https://t.co/JLOEM1ISk3,#,@,1078,128
1114501738562641921,celinedion,Sat Apr 06 12:14:55 +0000 2019,"Celine performing ""My Heart Will Go On"" live from Los Angeles during the #CourageWorldTour announcement. Who’s goin… https://t.co/N8W9but7k8",#CourageWorldTour#,@,2612,495
1114380994608369664,celinedion,Sat Apr 06 04:15:07 +0000 2019,Watch Celine on @JimmyKimmelLive – Tonight on @ABCNetwork! // Regardez Céline @JimmyKimmelLive sur @ABCNetwork! – T… https://t.co/nfOTVlk181,#,@JimmyKimmelLive@ABCNetwork@JimmyKimmelLive@ABCNetwork@,1622,224
1114311729649815552,celinedion,Fri Apr 05 23:39:53 +0000 2019,Ready to hit the road! // Prêts à partir en tournée! #CourageWorldTour - Team Céline https://t.co/roehEKBeKB,#CourageWorldTour#,@,648,88
1114311525156544512,celinedion,Fri Apr 05 23:39:05 +0000 2019,We're very excited for #CourageWorldTour! // Nous avons très hâte à la tournée mondiale #Courage - Team Celine https://t.co/ro87rJvJs8,#CourageWorldTour#Courage#,@,1308,209
1114326689868156928,ogchaseb,Sat Apr 06 00:39:20 +0000 2019,God is so good,#,@,1069,418
1113823158631636992,ogchaseb,Thu Apr 04 15:18:29 +0000 2019,RIP Nip can’t say it enough,#,@,1036,249
1113818497900003330,ogchaseb,Thu Apr 04 14:59:58 +0000 2019,. @uadnyc TONIGHT https://t.co/biXPW4O4Fl,#,@uadnyc@,104,17
1112495902508412929,ogchaseb,Sun Mar 31 23:24:26 +0000 2019,Prayers for Nip,#,@,927,242
1110946946594697216,ogchaseb,Wed Mar 27 16:49:27 +0000 2019,Back to the lab,#,@,1134,217
1110941697825857536,ogchaseb,Wed Mar 27 16:28:35 +0000 2019,Thank you God for a successful tour! Love to everybody that got a chance to see the show at least once. ASTRO 🎪,#,@,2136,325
1109148440804708352,ogchaseb,Fri Mar 22 17:42:49 +0000 2019,@doziekanu Bless us young Doz,#,@doziekanu@,3,0
1107291443633242113,ogchaseb,Sun Mar 17 14:43:47 +0000 2019,ST. PATTY’S DAY YESSIR SHOUT-OUT ALL MY IRISH KINFOLK YOU DIG 🍀 LUCKY SHIT,#,@,495,86
1107079862441992193,ogchaseb,Sun Mar 17 00:43:02 +0000 2019,Take a shot every time you hear the word “Williamson” tonight 🥃,#,@,247,31
1106605576723877888,ogchaseb,Fri Mar 15 17:18:23 +0000 2019,RT @DonToliver: Chase B Is Really gone Dummy on these Beats Man. https://t.co/XjU5ZkqaHL,#,@DonToliver@,0,374
1105494384093679616,ogchaseb,Tue Mar 12 15:42:54 +0000 2019,IM BOUT TO SIGN ANOTHER CONTRACT LIKE IM IN THE LEAGUE,#,@,941,70
1105494169773096961,ogchaseb,Tue Mar 12 15:42:03 +0000 2019,God bless this verse I just got,#,@,414,41
1102669261380743168,ogchaseb,Mon Mar 04 20:36:53 +0000 2019,RT @XXL: What do you think of @dontoliver for the 2019 XXL Freshman Class? #XXLFreshmen https://t.co/NG8v4kWfJg,#XXLFreshmen#,@XXL@DonToliver@,0,375
1102309576278528005,ogchaseb,Sun Mar 03 20:47:37 +0000 2019,Slowly but surely removing everything that’s superficial from my life,#,@,947,266
1101270733110603776,ogchaseb,Thu Feb 28 23:59:38 +0000 2019,@DCtoBC @jeromebaker3rd @djtrayze @iamMICK @yellowttech @SpicoliDCtoBC @heartbreakhelly @parisa0126 @surjazz_ @TasteFaker @headlinerhmc,#,@DCtoBC@jeromebaker3rd@djtrayze@iamMICK@yellowttech@SpicoliDCtoBC@heartbreakhelly@parisa0126@surjazz_@TasteFaker@headlinerhmc@,8,1
1101213405585788928,ogchaseb,Thu Feb 28 20:11:50 +0000 2019,330 Ms...,#,@,334,31
1100803226956382208,ogchaseb,Wed Feb 27 17:01:55 +0000 2019,First things first lemme get that introductionnnn,#,@,595,67
1099921498410811393,ogchaseb,Mon Feb 25 06:38:15 +0000 2019,Fred Hammond my favorite gospel singer ever. First concert I ever went to,#,@,144,13
1099825945731571713,ogchaseb,Mon Feb 25 00:18:33 +0000 2019,@GUNNERSELLWHITE No cappppp,#,@GUNNERSELLWHITE@,44,1
1099719119618883584,ogchaseb,Sun Feb 24 17:14:04 +0000 2019,Favorite jays on my birthday. Gotta get like 4 pair https://t.co/Y3sFBkmv5N,#,@,1040,89
1119593537874616320,chloexhalle,Sat Apr 20 13:27:55 +0000 2019,happy birthday to our big sister ski!!! we love you!!! 🦋🦋💕💕4/20 https://t.co/uvEZLuRjho,#,@,8673,590
1119329829705224192,chloexhalle,Fri Apr 19 20:00:02 +0000 2019,haaaay mister postman 💌💌 catch us honoring some of the greatest to ever do it at 8/7c this sunday on @CBS. #motown60 https://t.co/GxnjNF8l8j,#motown60#,@CBS@,2411,506
1118578648993468417,chloexhalle,Wed Apr 17 18:15:06 +0000 2019,lil ole us https://t.co/d5772ykG2u,#,@,5155,410
1118331610087268357,chloexhalle,Wed Apr 17 01:53:28 +0000 2019,✨🌈somewhere over the rainbow https://t.co/ZzZns0wSqQ,#,@,9030,818
1118186190866403334,chloexhalle,Tue Apr 16 16:15:37 +0000 2019,“wolf at your door” out 4/26 🐺🐺 #forthethrone https://t.co/oO1ijywOvB https://t.co/dSKAPsCZcH,#forthethrone#,@,1346,306
1116904998728806401,chloexhalle,Sat Apr 13 03:24:37 +0000 2019,"RT @chloexhalle: our song #beyourself from @littlethemovie is now available everywhere https://t.co/p3M2yW2Zka ❤️❤️

pls go x support this…",#beyourself#,@chloexhalle@littlethemovie@,0,1358
1116784579837345793,chloexhalle,Fri Apr 12 19:26:07 +0000 2019,"our song #beyourself from @littlethemovie is now available everywhere https://t.co/p3M2yW2Zka ❤️❤️

pls go x suppor… https://t.co/m0RB5H8FWv",#beyourself#,@littlethemovie@,4962,1358
1116740780721344513,chloexhalle,Fri Apr 12 16:32:04 +0000 2019,queens like nefertiti https://t.co/KAx7rcWlRI,#,@,26948,4418
1116528856666726400,chloexhalle,Fri Apr 12 02:29:58 +0000 2019,RT @amakadsi: @chloexhalle 💜💜💜 @DVF awards https://t.co/5q9xz6vKeA,#,@amakadsi@chloexhalle@DVF@,0,61
1116527925032046593,chloexhalle,Fri Apr 12 02:26:16 +0000 2019,wow wow wow. https://t.co/yJ3e2hRGpK,#,@,3115,317
1116422883503476736,chloexhalle,Thu Apr 11 19:28:52 +0000 2019,nipsey’s mother is so powerful ❤️🙏🏽 God bless that family,#,@,4536,589
1116397234545922066,chloexhalle,Thu Apr 11 17:46:57 +0000 2019,"RT @MTVAwards: Celebrating #NationalSiblingsDay with this iconic sister duo @chloexhalle! 

Remember when they performed at the #MTVAwards…",#NationalSiblingsDay#MTVAwards#,@MTVAwards@chloexhalle@,0,159
1116147064877068288,chloexhalle,Thu Apr 11 01:12:51 +0000 2019,"RT @chloexhalle: surprise! here’s our new song “be yourself” from the @littlethemovie soundtrack, hitting theaters this weekend along with…",#,@chloexhalle@littlethemovie@,0,497
1116104602619928577,chloexhalle,Wed Apr 10 22:24:08 +0000 2019,👼🏽👼🏽happy national siblings day 👼🏽 👼🏽 hold the ones you love so close today 💫 https://t.co/gUJ0lyy9QC,#,@,5814,476
1116042585540300800,chloexhalle,Wed Apr 10 18:17:42 +0000 2019,RT @jimmyxcxx: what it feels like to listen to @chloexhalle harmonize https://t.co/TAdQSIVfaD,#,@jimmyxcxx@chloexhalle@,0,363
1115980479990325248,chloexhalle,Wed Apr 10 14:10:55 +0000 2019,"surprise! here’s our new song “be yourself” from the @littlethemovie soundtrack, hitting theaters this weekend alon… https://t.co/3Uv2jXix50",#,@littlethemovie@,2004,497
1115837508259069954,chloexhalle,Wed Apr 10 04:42:47 +0000 2019,"@Zedd sorry to hear that man, hang in there. sending you good vibes ✨✨🙏🏾",#,@Zedd@,63,7
1115666281393422337,chloexhalle,Tue Apr 09 17:22:24 +0000 2019,"RT @PopCraveNet: #GameOfThrones will release their soundtrack on Friday, April 26th which features appearances from @TheWeeknd, @SZA, @Trvi…",#GameOfThrones#,@PopCraveNet@theweeknd@sza@,0,807
1115650644331962368,chloexhalle,Tue Apr 09 16:20:16 +0000 2019,"RT @breaux_man_: @chloexhalle :

Me: Babybirrrrrrrrrrrrrrrrrrrrrrd https://t.co/S2JoohduH6",#,@breaux_man_@chloexhalle@,0,40
1115640692292890625,chloexhalle,Tue Apr 09 15:40:43 +0000 2019,we also have another #little surprise coming tomorrow at 10 am EST... stay tuned 😏🌻 https://t.co/DixT0slwJz,#little#,@,1971,261
1116759774652174337,COIN,Fri Apr 12 17:47:33 +0000 2019,RT @CD1025FM: .@COIN’s “I Want It All” is our Discover &amp; Download this week! Get the song for freeee at https://t.co/lDFkqTssFz &amp; let us kn…,#,@CD1025FM@COIN@,0,6
1115665797454684160,COIN,Tue Apr 09 17:20:28 +0000 2019,"Columbus, OH – ""I WANT IT ALL"" is this week's Discover &amp; Download on @CD1025FM. See you at @EXPRESSLIVEOH on June 28, 2019.",#,@CD1025FM@EXPRESSLIVEOH@,272,23
1115636582801973248,COIN,Tue Apr 09 15:24:23 +0000 2019,"July 2, 2019 https://t.co/Q2QIJrclnk",#,@,561,30
1113104600654065664,COIN,Tue Apr 02 15:43:11 +0000 2019,Under 3 months old &amp; 4 millions streams tall - growing up! https://t.co/KhaTIbffty,#,@,1251,87
1112409868286218241,COIN,Sun Mar 31 17:42:34 +0000 2019,@coloursoundus @twentyonepilots we all are,#,@coloursoundus@twentyonepilots@,70,8
1110344086911967234,COIN,Tue Mar 26 00:53:54 +0000 2019,"RT @alexndrasilvers: with deep emotion, live from nashville @COIN https://t.co/MlhxMg3uPz",#,@alexndrasilvers@COIN@,0,43
1110219584693510144,COIN,Mon Mar 25 16:39:10 +0000 2019,"Philadelphia, PA https://t.co/bOb4fz0v47",#,@,407,15
1109146453224710151,COIN,Fri Mar 22 17:34:56 +0000 2019,@BrookeBergman5 @chase_lawrence Everyone will know.,#,@BrookeBergman5@chase_lawrence@,11,1
1109121638249959424,COIN,Fri Mar 22 15:56:19 +0000 2019,RT @chasesaidyeehaw: YOU’RE KIDDING ME @chase_lawrence https://t.co/6382TdhNKQ,#,@chasesaidyeehaw@chase_lawrence@,0,149
1109119630801547266,COIN,Fri Mar 22 15:48:21 +0000 2019,"I WANT IT ALL (LIVE FROM
NASHVILLE) - https://t.co/lFZlhpUwrt https://t.co/HMGiUfw40K",#,@,564,114
1108545768565161984,COIN,Thu Mar 21 01:48:01 +0000 2019,@CrispyCreem82 Crisp,#,@CrispyCreem82@,6,0
1108469453203877894,COIN,Wed Mar 20 20:44:46 +0000 2019,@songsbyalan it's a daily struggle. -R,#,@songsbyalan@,47,4
1108469333225885696,COIN,Wed Mar 20 20:44:18 +0000 2019,@trinityxalia @lovesickfeeIing @watercolornites ICHABODS FOREVER -R,#,@trinityxalia@lovesickfeeIing@watercolornites@,14,1
1108469184533618688,COIN,Wed Mar 20 20:43:42 +0000 2019,@versaceEli AM I NOT A HAPPY CAMPER IN THIS PIC? -R,#,@versaceEli@,14,1
1108469116313264134,COIN,Wed Mar 20 20:43:26 +0000 2019,@alexndrasilvers dude what'd they drop? i'm ready - R,#,@alexndrasilvers@,10,0
1108467797741522945,COIN,Wed Mar 20 20:38:11 +0000 2019,@lovesickfeeIing @watercolornites ok we are set to go then,#,@lovesickfeeIing@watercolornites@,14,0
1108467614886576130,COIN,Wed Mar 20 20:37:28 +0000 2019,@latelygigi awwww! -R,#,@latelygigi@,21,0
1108467265895391234,COIN,Wed Mar 20 20:36:05 +0000 2019,@songsbyalan so stupid and pretentious and so functional. i use when walking.,#,@songsbyalan@,37,1
1108467203823857664,COIN,Wed Mar 20 20:35:50 +0000 2019,@hlonded my peopleeeeeeeeeeeeeeee! -R,#,@hlonded@,20,5
1108466947291860992,COIN,Wed Mar 20 20:34:49 +0000 2019,@watercolornites i love you so much i am a little concerned about your caffeine intake maybe we can try some bluebe… https://t.co/zrl5hrtIbY,#,@watercolornites@,54,0
